<?xml version="1.0" encoding="UTF-8"?>
<con:soapui-project id="1add6d58-3e1d-4ee4-88fe-58a0dad8b17d" activeEnvironment="Default environment" name="SDET-SwaggerProject" resourceRoot="" soapui-version="5.6.1" abortOnError="false" runType="SEQUENTIAL" encryptionMode="Not encrypted" updated="3.20.1 2022-01-18T13:40:47Z" xmlns:con="http://eviware.com/soapui/config"><con:settings/><con:interface xsi:type="con:RestService" id="57de0d3c-2389-433f-920c-8fea13a6baab" wadlVersion="http://wadl.dev.java.net/2009/02" name="Swagger Petstore" type="rest" basePath="/v2" xmlns:xsi="http://www.w3.org/2001/XMLSchema-instance"><con:description>This is a sample server Petstore server.  You can find out more about Swagger at [http://swagger.io](http://swagger.io) or on [irc.freenode.net, #swagger](http://swagger.io/irc/).  For this sample, you can use the api key `special-key` to test the authorization filters.</con:description><con:settings/><con:definitionCache type="TEXT" rootPart=""/><con:endpoints><con:endpoint>http://petstore.swagger.io</con:endpoint><con:endpoint>https://petstore.swagger.io</con:endpoint></con:endpoints><con:resource name="/pet" path="/pet" id="ed80435f-9edc-4b3d-9ba9-d737fbbe8696"><con:settings/><con:parameters/><con:method name="addPet" id="154dcd52-e4e9-40b0-b280-3b41c6a42443" method="POST"><con:description>&#13;
Add a new pet to the store</con:description><con:settings/><con:parameters/><con:representation type="RESPONSE"><con:mediaType>application/json</con:mediaType><con:status>405</con:status><con:params/></con:representation><con:representation type="RESPONSE"><con:mediaType>application/xml</con:mediaType><con:status>405</con:status><con:params/></con:representation><con:representation type="REQUEST"><con:mediaType>application/json</con:mediaType><con:params/></con:representation><con:representation type="REQUEST"><con:mediaType>application/xml</con:mediaType><con:params/></con:representation><con:request name="Request 1" id="5b004fba-66ae-4d11-af59-a2929cfee207" mediaType="application/json"><con:settings/><con:endpoint>http://petstore.swagger.io</con:endpoint><con:credentials><con:selectedAuthProfile>No Authorization</con:selectedAuthProfile><con:authType>No Authorization</con:authType></con:credentials><con:parameters/></con:request></con:method><con:method name="updatePet" id="234fb444-09ed-4a0a-98c8-2233d42da525" method="PUT"><con:description>&#13;
Update an existing pet</con:description><con:settings/><con:parameters/><con:representation type="RESPONSE"><con:mediaType>application/json</con:mediaType><con:status>400</con:status><con:params/></con:representation><con:representation type="RESPONSE"><con:mediaType>application/xml</con:mediaType><con:status>400</con:status><con:params/></con:representation><con:representation type="RESPONSE"><con:mediaType>application/json</con:mediaType><con:status>404</con:status><con:params/></con:representation><con:representation type="RESPONSE"><con:mediaType>application/xml</con:mediaType><con:status>404</con:status><con:params/></con:representation><con:representation type="RESPONSE"><con:mediaType>application/json</con:mediaType><con:status>405</con:status><con:params/></con:representation><con:representation type="RESPONSE"><con:mediaType>application/xml</con:mediaType><con:status>405</con:status><con:params/></con:representation><con:representation type="REQUEST"><con:mediaType>application/json</con:mediaType><con:params/></con:representation><con:representation type="REQUEST"><con:mediaType>application/xml</con:mediaType><con:params/></con:representation><con:request name="Request 1" id="b0291f77-b498-41e9-8ece-f2729deb88da" mediaType="application/json"><con:settings/><con:endpoint>http://petstore.swagger.io</con:endpoint><con:credentials><con:selectedAuthProfile>No Authorization</con:selectedAuthProfile><con:authType>No Authorization</con:authType></con:credentials><con:parameters/></con:request></con:method></con:resource><con:resource name="/pet/findByStatus" path="/pet/findByStatus" id="956f76b2-dabf-495e-a0b0-2b1f2b3c73e4"><con:settings/><con:parameters/><con:method name="findPetsByStatus" id="c5641c0a-6456-4b2f-adb3-5c2251200862" method="GET"><con:description>Multiple status values can be provided with comma separated strings&#13;
Finds Pets by status</con:description><con:settings/><con:parameters><con:parameter required="true"><con:name>status</con:name><con:style>QUERY</con:style><con:description>Status values that need to be considered for filter</con:description></con:parameter></con:parameters><con:representation type="RESPONSE"><con:mediaType>application/json</con:mediaType><con:status>200</con:status><con:params/></con:representation><con:representation type="RESPONSE"><con:mediaType>application/xml</con:mediaType><con:status>200</con:status><con:params/></con:representation><con:representation type="RESPONSE"><con:mediaType>application/json</con:mediaType><con:status>400</con:status><con:params/></con:representation><con:representation type="RESPONSE"><con:mediaType>application/xml</con:mediaType><con:status>400</con:status><con:params/></con:representation><con:request name="Request 1" id="726cdfc6-9195-4ebf-8088-1852b9e85f0b" mediaType="application/json"><con:settings/><con:endpoint>http://petstore.swagger.io</con:endpoint><con:credentials><con:selectedAuthProfile>No Authorization</con:selectedAuthProfile><con:authType>No Authorization</con:authType></con:credentials><con:parameters/></con:request></con:method></con:resource><con:resource name="/pet/findByTags" path="/pet/findByTags" id="68148754-0c5e-42ad-8207-d67e9d31e569"><con:settings/><con:parameters/><con:method name="findPetsByTags" id="a0ef4c3b-2a81-4a1e-9b1b-a81f173b283f" method="GET"><con:description>Multiple tags can be provided with comma separated strings. Use tag1, tag2, tag3 for testing.&#13;
Finds Pets by tags</con:description><con:settings/><con:parameters><con:parameter required="true"><con:name>tags</con:name><con:style>QUERY</con:style><con:description>Tags to filter by</con:description></con:parameter></con:parameters><con:representation type="RESPONSE"><con:mediaType>application/json</con:mediaType><con:status>200</con:status><con:params/></con:representation><con:representation type="RESPONSE"><con:mediaType>application/xml</con:mediaType><con:status>200</con:status><con:params/></con:representation><con:representation type="RESPONSE"><con:mediaType>application/json</con:mediaType><con:status>400</con:status><con:params/></con:representation><con:representation type="RESPONSE"><con:mediaType>application/xml</con:mediaType><con:status>400</con:status><con:params/></con:representation><con:request name="Request 1" id="7109f13e-cb76-4af6-87a7-2b1fd2a4884b" mediaType="application/json"><con:settings/><con:endpoint>http://petstore.swagger.io</con:endpoint><con:credentials><con:selectedAuthProfile>No Authorization</con:selectedAuthProfile><con:authType>No Authorization</con:authType></con:credentials><con:parameters/></con:request></con:method></con:resource><con:resource name="/pet/{petId}" path="/pet/{petId}" id="e19fed17-abd8-4d96-b58b-67f86a049400"><con:settings/><con:parameters/><con:method name="getPetById" id="0801d0f8-20a4-4c75-9fad-2b1185330335" method="GET"><con:description>Returns a single pet&#13;
Find pet by ID</con:description><con:settings/><con:parameters><con:parameter required="true"><con:name>petId</con:name><con:style>TEMPLATE</con:style><con:description>ID of pet to return</con:description></con:parameter></con:parameters><con:representation type="RESPONSE"><con:mediaType>application/json</con:mediaType><con:status>200</con:status><con:params/></con:representation><con:representation type="RESPONSE"><con:mediaType>application/xml</con:mediaType><con:status>200</con:status><con:params/></con:representation><con:representation type="RESPONSE"><con:mediaType>application/json</con:mediaType><con:status>400</con:status><con:params/></con:representation><con:representation type="RESPONSE"><con:mediaType>application/xml</con:mediaType><con:status>400</con:status><con:params/></con:representation><con:representation type="RESPONSE"><con:mediaType>application/json</con:mediaType><con:status>404</con:status><con:params/></con:representation><con:representation type="RESPONSE"><con:mediaType>application/xml</con:mediaType><con:status>404</con:status><con:params/></con:representation><con:request name="Request 1" id="4a989e33-fffa-4859-a9be-0e789db116c5" mediaType="application/json"><con:settings/><con:endpoint>http://petstore.swagger.io</con:endpoint><con:credentials><con:selectedAuthProfile>No Authorization</con:selectedAuthProfile><con:authType>No Authorization</con:authType></con:credentials><con:parameters/></con:request></con:method><con:method name="updatePetWithForm" id="1a08a3bc-bdbb-4be2-86a4-3a2df40c2c95" method="POST"><con:description>&#13;
Updates a pet in the store with form data</con:description><con:settings/><con:parameters><con:parameter required="true"><con:name>petId</con:name><con:style>TEMPLATE</con:style><con:description>ID of pet that needs to be updated</con:description></con:parameter><con:parameter><con:name>name</con:name><con:style>QUERY</con:style><con:description>Updated name of the pet</con:description></con:parameter><con:parameter><con:name>status</con:name><con:style>QUERY</con:style><con:description>Updated status of the pet</con:description></con:parameter></con:parameters><con:representation type="RESPONSE"><con:mediaType>application/json</con:mediaType><con:status>405</con:status><con:params/></con:representation><con:representation type="RESPONSE"><con:mediaType>application/xml</con:mediaType><con:status>405</con:status><con:params/></con:representation><con:representation type="REQUEST"><con:mediaType>application/x-www-form-urlencoded</con:mediaType><con:params/></con:representation><con:request name="Request 1" id="49ec1be0-2b24-42a8-80e6-08ca7896bb2f" mediaType="application/x-www-form-urlencoded"><con:settings/><con:endpoint>http://petstore.swagger.io</con:endpoint><con:credentials><con:selectedAuthProfile>No Authorization</con:selectedAuthProfile><con:authType>No Authorization</con:authType></con:credentials><con:parameters/></con:request></con:method><con:method name="deletePet" id="e9de75dd-8930-42ac-8b2a-93cc63ba78d9" method="DELETE"><con:description>&#13;
Deletes a pet</con:description><con:settings/><con:parameters><con:parameter><con:name>api_key</con:name><con:style>HEADER</con:style><con:description xsi:nil="true"/></con:parameter><con:parameter required="true"><con:name>petId</con:name><con:style>TEMPLATE</con:style><con:description>Pet id to delete</con:description></con:parameter></con:parameters><con:representation type="RESPONSE"><con:mediaType>application/json</con:mediaType><con:status>400</con:status><con:params/></con:representation><con:representation type="RESPONSE"><con:mediaType>application/xml</con:mediaType><con:status>400</con:status><con:params/></con:representation><con:representation type="RESPONSE"><con:mediaType>application/json</con:mediaType><con:status>404</con:status><con:params/></con:representation><con:representation type="RESPONSE"><con:mediaType>application/xml</con:mediaType><con:status>404</con:status><con:params/></con:representation><con:request name="Request 1" id="68c28ca6-2cd0-469d-89c0-f82ce2e24be3" mediaType="application/json"><con:settings/><con:endpoint>http://petstore.swagger.io</con:endpoint><con:credentials><con:selectedAuthProfile>No Authorization</con:selectedAuthProfile><con:authType>No Authorization</con:authType></con:credentials><con:parameters/></con:request></con:method></con:resource><con:resource name="/pet/{petId}/uploadImage" path="/pet/{petId}/uploadImage" id="58104169-1957-41f8-99ed-db57cfdd1c3f"><con:settings/><con:parameters/><con:method name="uploadFile" id="733d4823-2766-44b9-9647-4aa3daf4376e" method="POST"><con:description>&#13;
uploads an image</con:description><con:settings/><con:parameters><con:parameter required="true"><con:name>petId</con:name><con:style>TEMPLATE</con:style><con:description>ID of pet to update</con:description></con:parameter><con:parameter><con:name>additionalMetadata</con:name><con:style>QUERY</con:style><con:description>Additional data to pass to server</con:description></con:parameter><con:parameter><con:name>file</con:name><con:style>QUERY</con:style><con:description>file to upload</con:description></con:parameter></con:parameters><con:representation type="RESPONSE"><con:mediaType>application/json</con:mediaType><con:status>200</con:status><con:params/></con:representation><con:representation type="REQUEST"><con:mediaType>multipart/form-data</con:mediaType><con:params/></con:representation><con:request name="Request 1" id="48601941-7789-42b8-b841-91449976de7a" mediaType="multipart/form-data"><con:settings/><con:endpoint>http://petstore.swagger.io</con:endpoint><con:credentials><con:selectedAuthProfile>No Authorization</con:selectedAuthProfile><con:authType>No Authorization</con:authType></con:credentials><con:parameters/></con:request></con:method></con:resource><con:resource name="/store/inventory" path="/store/inventory" id="89877788-d3a4-48ee-b5cf-967ca9f060e5"><con:settings/><con:parameters/><con:method name="getInventory" id="3c383103-7f8c-4aa9-9936-37cc8fc93411" method="GET"><con:description>Returns a map of status codes to quantities&#13;
Returns pet inventories by status</con:description><con:settings/><con:parameters/><con:representation type="RESPONSE"><con:mediaType>application/json</con:mediaType><con:status>200</con:status><con:params/></con:representation><con:request name="Request 1" id="8e4d93ca-5359-4bf2-a937-eee9c22a413c" mediaType="application/json"><con:settings/><con:endpoint>http://petstore.swagger.io</con:endpoint><con:credentials><con:selectedAuthProfile>No Authorization</con:selectedAuthProfile><con:authType>No Authorization</con:authType></con:credentials><con:parameters/></con:request></con:method></con:resource><con:resource name="/store/order" path="/store/order" id="da0f2fbf-8746-437c-afe7-4b69182ee200"><con:settings/><con:parameters/><con:method name="placeOrder" id="8b345898-91cd-41b6-a93e-4bc8afff89c7" method="POST"><con:description>&#13;
Place an order for a pet</con:description><con:settings/><con:parameters/><con:representation type="RESPONSE"><con:mediaType>application/json</con:mediaType><con:status>200</con:status><con:params/></con:representation><con:representation type="RESPONSE"><con:mediaType>application/xml</con:mediaType><con:status>200</con:status><con:params/></con:representation><con:representation type="RESPONSE"><con:mediaType>application/json</con:mediaType><con:status>400</con:status><con:params/></con:representation><con:representation type="RESPONSE"><con:mediaType>application/xml</con:mediaType><con:status>400</con:status><con:params/></con:representation><con:representation type="REQUEST"><con:mediaType>application/json</con:mediaType><con:params/></con:representation><con:request name="Request 1" id="85740e3a-3eb8-45d7-b30b-89d3037b892d" mediaType="application/json"><con:settings/><con:endpoint>http://petstore.swagger.io</con:endpoint><con:credentials><con:selectedAuthProfile>No Authorization</con:selectedAuthProfile><con:authType>No Authorization</con:authType></con:credentials><con:parameters/></con:request></con:method></con:resource><con:resource name="/store/order/{orderId}" path="/store/order/{orderId}" id="d3cecccb-b9f1-471d-8e1d-3fdcee9f56a5"><con:settings/><con:parameters/><con:method name="getOrderById" id="aba9d4a4-1ffa-44da-811e-6ee79b7d04ec" method="GET"><con:description>For valid response try integer IDs with value >= 1 and &lt;= 10. Other values will generated exceptions&#13;
Find purchase order by ID</con:description><con:settings/><con:parameters><con:parameter required="true"><con:name>orderId</con:name><con:style>TEMPLATE</con:style><con:description>ID of pet that needs to be fetched</con:description></con:parameter></con:parameters><con:representation type="RESPONSE"><con:mediaType>application/json</con:mediaType><con:status>200</con:status><con:params/></con:representation><con:representation type="RESPONSE"><con:mediaType>application/xml</con:mediaType><con:status>200</con:status><con:params/></con:representation><con:representation type="RESPONSE"><con:mediaType>application/json</con:mediaType><con:status>400</con:status><con:params/></con:representation><con:representation type="RESPONSE"><con:mediaType>application/xml</con:mediaType><con:status>400</con:status><con:params/></con:representation><con:representation type="RESPONSE"><con:mediaType>application/json</con:mediaType><con:status>404</con:status><con:params/></con:representation><con:representation type="RESPONSE"><con:mediaType>application/xml</con:mediaType><con:status>404</con:status><con:params/></con:representation><con:request name="Request 1" id="e0f85569-04f6-4897-ba65-2fcfd8c0d14f" mediaType="application/json"><con:settings/><con:endpoint>http://petstore.swagger.io</con:endpoint><con:credentials><con:selectedAuthProfile>No Authorization</con:selectedAuthProfile><con:authType>No Authorization</con:authType></con:credentials><con:parameters/></con:request></con:method><con:method name="deleteOrder" id="60734857-2242-48f0-9900-585fef352fa8" method="DELETE"><con:description>For valid response try integer IDs with positive integer value. Negative or non-integer values will generate API errors&#13;
Delete purchase order by ID</con:description><con:settings/><con:parameters><con:parameter required="true"><con:name>orderId</con:name><con:style>TEMPLATE</con:style><con:description>ID of the order that needs to be deleted</con:description></con:parameter></con:parameters><con:representation type="RESPONSE"><con:mediaType>application/json</con:mediaType><con:status>400</con:status><con:params/></con:representation><con:representation type="RESPONSE"><con:mediaType>application/xml</con:mediaType><con:status>400</con:status><con:params/></con:representation><con:representation type="RESPONSE"><con:mediaType>application/json</con:mediaType><con:status>404</con:status><con:params/></con:representation><con:representation type="RESPONSE"><con:mediaType>application/xml</con:mediaType><con:status>404</con:status><con:params/></con:representation><con:request name="Request 1" id="a484f7e3-9d24-49ab-a7c1-421fa2905471" mediaType="application/json"><con:settings/><con:endpoint>http://petstore.swagger.io</con:endpoint><con:credentials><con:selectedAuthProfile>No Authorization</con:selectedAuthProfile><con:authType>No Authorization</con:authType></con:credentials><con:parameters/></con:request></con:method></con:resource><con:resource name="/user" path="/user" id="3f2a2bef-1a61-4edb-b0ff-0b754075f035"><con:settings/><con:parameters/><con:method name="createUser" id="67797c65-f18a-4309-8608-745d5b88d200" method="POST"><con:description>This can only be done by the logged in user.&#13;
Create user</con:description><con:settings/><con:parameters/><con:representation type="RESPONSE"><con:mediaType>application/json</con:mediaType><con:status/><con:params/></con:representation><con:representation type="RESPONSE"><con:mediaType>application/xml</con:mediaType><con:status/><con:params/></con:representation><con:representation type="REQUEST"><con:mediaType>application/json</con:mediaType><con:params/></con:representation><con:request name="Request 1" id="38ca73f7-5f5f-4cc3-abde-5cea4ef41b4b" mediaType="application/json"><con:settings/><con:endpoint>http://petstore.swagger.io</con:endpoint><con:credentials><con:selectedAuthProfile>No Authorization</con:selectedAuthProfile><con:authType>No Authorization</con:authType></con:credentials><con:parameters/></con:request></con:method></con:resource><con:resource name="/user/createWithArray" path="/user/createWithArray" id="6928b21b-c438-44a1-ab7c-e43209395fe3"><con:settings/><con:parameters/><con:method name="createUsersWithArrayInput" id="d6c3f7f3-3f79-4c1c-9edb-2be9780d2a7e" method="POST"><con:description>&#13;
Creates list of users with given input array</con:description><con:settings/><con:parameters/><con:representation type="RESPONSE"><con:mediaType>application/json</con:mediaType><con:status/><con:params/></con:representation><con:representation type="RESPONSE"><con:mediaType>application/xml</con:mediaType><con:status/><con:params/></con:representation><con:representation type="REQUEST"><con:mediaType>application/json</con:mediaType><con:params/></con:representation><con:request name="Request 1" id="69c51841-a3b3-4966-93b7-d484eef84248" mediaType="application/json"><con:settings/><con:endpoint>http://petstore.swagger.io</con:endpoint><con:credentials><con:selectedAuthProfile>No Authorization</con:selectedAuthProfile><con:authType>No Authorization</con:authType></con:credentials><con:parameters/></con:request></con:method></con:resource><con:resource name="/user/createWithList" path="/user/createWithList" id="916f4606-d9c2-472f-acb6-b850415c5175"><con:settings/><con:parameters/><con:method name="createUsersWithListInput" id="2bf9eb22-e8bb-432b-9391-711ec55285ca" method="POST"><con:description>&#13;
Creates list of users with given input array</con:description><con:settings/><con:parameters/><con:representation type="RESPONSE"><con:mediaType>application/json</con:mediaType><con:status/><con:params/></con:representation><con:representation type="RESPONSE"><con:mediaType>application/xml</con:mediaType><con:status/><con:params/></con:representation><con:representation type="REQUEST"><con:mediaType>application/json</con:mediaType><con:params/></con:representation><con:request name="Request 1" id="da5e1707-501b-48b5-a69f-894d1bda6ef7" mediaType="application/json"><con:settings/><con:endpoint>http://petstore.swagger.io</con:endpoint><con:credentials><con:selectedAuthProfile>No Authorization</con:selectedAuthProfile><con:authType>No Authorization</con:authType></con:credentials><con:parameters/></con:request></con:method></con:resource><con:resource name="/user/login" path="/user/login" id="b5c215bb-c467-4699-b5a5-70d7a34ce150"><con:settings/><con:parameters/><con:method name="loginUser" id="d8127e76-8f42-494b-8f96-fa7fdae13687" method="GET"><con:description>&#13;
Logs user into the system</con:description><con:settings/><con:parameters><con:parameter required="true"><con:name>username</con:name><con:style>QUERY</con:style><con:description>The user name for login</con:description></con:parameter><con:parameter required="true"><con:name>password</con:name><con:style>QUERY</con:style><con:description>The password for login in clear text</con:description></con:parameter></con:parameters><con:representation type="RESPONSE"><con:mediaType>application/json</con:mediaType><con:status>200</con:status><con:params/></con:representation><con:representation type="RESPONSE"><con:mediaType>application/xml</con:mediaType><con:status>200</con:status><con:params/></con:representation><con:representation type="RESPONSE"><con:mediaType>application/json</con:mediaType><con:status>400</con:status><con:params/></con:representation><con:representation type="RESPONSE"><con:mediaType>application/xml</con:mediaType><con:status>400</con:status><con:params/></con:representation><con:request name="Request 1" id="3f59d5df-69a0-49e2-9797-349b4a4c4982" mediaType="application/json"><con:settings/><con:endpoint>http://petstore.swagger.io</con:endpoint><con:credentials><con:selectedAuthProfile>No Authorization</con:selectedAuthProfile><con:authType>No Authorization</con:authType></con:credentials><con:parameters/></con:request></con:method></con:resource><con:resource name="/user/logout" path="/user/logout" id="d7647e07-1dc1-4733-ae49-5c68389e4fe8"><con:settings/><con:parameters/><con:method name="logoutUser" id="071d0ff4-b074-4b6a-9f0c-4ac6ea14d681" method="GET"><con:description>&#13;
Logs out current logged in user session</con:description><con:settings/><con:parameters/><con:representation type="RESPONSE"><con:mediaType>application/json</con:mediaType><con:status/><con:params/></con:representation><con:representation type="RESPONSE"><con:mediaType>application/xml</con:mediaType><con:status/><con:params/></con:representation><con:request name="Request 1" id="9eaba8d9-45ef-41a3-af26-ee3a5b3561ec" mediaType="application/json"><con:settings/><con:endpoint>http://petstore.swagger.io</con:endpoint><con:credentials><con:selectedAuthProfile>No Authorization</con:selectedAuthProfile><con:authType>No Authorization</con:authType></con:credentials><con:parameters/></con:request></con:method></con:resource><con:resource name="/user/{username}" path="/user/{username}" id="6ca8f548-a947-4472-8775-2f329ca646bb"><con:settings/><con:parameters/><con:method name="getUserByName" id="725f2e55-d046-4385-b018-22bbf882b18b" method="GET"><con:description>&#13;
Get user by user name</con:description><con:settings/><con:parameters><con:parameter required="true"><con:name>username</con:name><con:style>TEMPLATE</con:style><con:description>The name that needs to be fetched. Use user1 for testing. </con:description></con:parameter></con:parameters><con:representation type="RESPONSE"><con:mediaType>application/json</con:mediaType><con:status>200</con:status><con:params/></con:representation><con:representation type="RESPONSE"><con:mediaType>application/xml</con:mediaType><con:status>200</con:status><con:params/></con:representation><con:representation type="RESPONSE"><con:mediaType>application/json</con:mediaType><con:status>400</con:status><con:params/></con:representation><con:representation type="RESPONSE"><con:mediaType>application/xml</con:mediaType><con:status>400</con:status><con:params/></con:representation><con:representation type="RESPONSE"><con:mediaType>application/json</con:mediaType><con:status>404</con:status><con:params/></con:representation><con:representation type="RESPONSE"><con:mediaType>application/xml</con:mediaType><con:status>404</con:status><con:params/></con:representation><con:request name="Request 1" id="65505b06-b1b3-4831-b549-3faf6dc73378" mediaType="application/json"><con:settings/><con:endpoint>http://petstore.swagger.io</con:endpoint><con:credentials><con:selectedAuthProfile>No Authorization</con:selectedAuthProfile><con:authType>No Authorization</con:authType></con:credentials><con:parameters/></con:request></con:method><con:method name="updateUser" id="0363d1d7-4eec-4b87-88b5-27849d82d1e7" method="PUT"><con:description>This can only be done by the logged in user.&#13;
Updated user</con:description><con:settings/><con:parameters><con:parameter required="true"><con:name>username</con:name><con:style>TEMPLATE</con:style><con:description>name that need to be updated</con:description></con:parameter></con:parameters><con:representation type="RESPONSE"><con:mediaType>application/json</con:mediaType><con:status>400</con:status><con:params/></con:representation><con:representation type="RESPONSE"><con:mediaType>application/xml</con:mediaType><con:status>400</con:status><con:params/></con:representation><con:representation type="RESPONSE"><con:mediaType>application/json</con:mediaType><con:status>404</con:status><con:params/></con:representation><con:representation type="RESPONSE"><con:mediaType>application/xml</con:mediaType><con:status>404</con:status><con:params/></con:representation><con:representation type="REQUEST"><con:mediaType>application/json</con:mediaType><con:params/></con:representation><con:request name="Request 1" id="1f2a5fd3-8d77-4391-8546-41033315087e" mediaType="application/json"><con:settings/><con:endpoint>http://petstore.swagger.io</con:endpoint><con:credentials><con:selectedAuthProfile>No Authorization</con:selectedAuthProfile><con:authType>No Authorization</con:authType></con:credentials><con:parameters/></con:request></con:method><con:method name="deleteUser" id="15632c99-d2f9-4214-853b-f9fd7d40192b" method="DELETE"><con:description>This can only be done by the logged in user.&#13;
Delete user</con:description><con:settings/><con:parameters><con:parameter required="true"><con:name>username</con:name><con:style>TEMPLATE</con:style><con:description>The name that needs to be deleted</con:description></con:parameter></con:parameters><con:representation type="RESPONSE"><con:mediaType>application/json</con:mediaType><con:status>400</con:status><con:params/></con:representation><con:representation type="RESPONSE"><con:mediaType>application/xml</con:mediaType><con:status>400</con:status><con:params/></con:representation><con:representation type="RESPONSE"><con:mediaType>application/json</con:mediaType><con:status>404</con:status><con:params/></con:representation><con:representation type="RESPONSE"><con:mediaType>application/xml</con:mediaType><con:status>404</con:status><con:params/></con:representation><con:request name="Request 1" id="1dfd219d-f3d4-4173-a772-c0b58e9f318f" mediaType="application/json"><con:settings/><con:endpoint>http://petstore.swagger.io</con:endpoint><con:credentials><con:selectedAuthProfile>No Authorization</con:selectedAuthProfile><con:authType>No Authorization</con:authType></con:credentials><con:parameters/></con:request></con:method></con:resource></con:interface><con:properties/><con:wssContainer/><con:databaseConnectionContainer/><con:jmsConnectionContainer/><con:oAuth2ProfileContainer/><con:oAuth1ProfileContainer/><con:reporting><con:xmlTemplates/><con:parameters/></con:reporting><con:sensitiveInformation/><con:authRepository/><con:tags/></con:soapui-project>